date,code,kind,price,qty_kg,postage_included,point_rate,review_count,review_avg,available,shop
2026-10-10,okomeabe:10000082,hakumai,9880,30.0,True,1,5234,4.37,True,阿部ベイコク
2026-10-10,yutakarice-miyagi:10000014,hakumai,9980,30.0,False,1,638,4.21,True,豊ライスみやぎ
2026-10-10,rs-takeo:10000132,hakumai,9980,30.0,True,1,513,4.13,True,有限会社 佐藤米穀商店楽天市場店
2026-10-10,auc-yamanoraisu:10000557,genmai,3380,10.0,False,1,4,3.25,True,ヤマノライス 楽天市場店
2026-10-10,fuchigami:10000062,hakumai,10680,30.0,True,1,8000,4.38,True,こめたつ
2026-10-10,higohime:10000035,musen,10680,30.0,True,1,312,4.27,True,お米職人 肥後姫
2026-10-10,okomeabe:10000076,hakumai,3580,10.0,True,1,13984,4.28,True,阿部ベイコク
2026-10-10,anzai-rice:10000437,hakumai,3580,10.0,True,3,5213,4.37,True,まんま屋
2026-10-10,oisiiokomedesu:10000028,genmai,10780,30.0,False,1,657,3.94,True,Oisii Okome 玄米工房
2026-10-10,higohime:10000034,musen,7280,20.0,True,1,1596,4.34,True,お米職人 肥後姫
2026-10-10,fuchigami:10000087,hakumai,7280,20.0,True,1,1232,4.42,True,こめたつ
2026-10-10,auc-ohnoshokuryou-shop:10000001,hakumai,3650,10.0,False,1,4992,4.56,True,うまい米ショップ
2026-10-10,ginmaido:10000103,hakumai,10999,30.0,False,1,2749,4.5,True,銀米堂
2026-10-10,rs-takeo:10000019,hakumai,3680,10.0,True,1,4273,4.07,True,有限会社 佐藤米穀商店楽天市場店
2026-10-10,higohime:10000047,musen,3680,10.0,True,1,2601,4.33,True,お米職人 肥後姫
2026-10-10,oisiiokomedesu:10000035,genmai,3780,10.0,False,1,962,4.07,True,Oisii Okome 玄米工房
2026-10-10,fuchigami:10000061,hakumai,3980,10.0,True,1,9473,4.41,True,こめたつ
2026-10-10,morikawakomeya:10000029,hakumai,3990,10.0,True,1,3980,4.63,True,お米のもりかわ楽天市場店
2026-10-10,ginmaido:10000104,hakumai,3999,10.0,False,1,5712,4.45,True,銀米堂
2026-10-10,komean-sugasawa:10000175,musen,10299,25.0,True,1,2,4.5,True,こめ庵
2026-10-10,ajitukami:10000055,hakumai,12470,30.0,True,1,3623,4.53,True,お米専門店あじつかみ
2026-10-10,okomeabe:10000024,hakumai,12480,30.0,True,1,3416,4.63,True,阿部ベイコク
2026-10-10,anzai-rice:10000181,hakumai,4180,10.0,True,1,16100,4.39,True,まんま屋
2026-10-10,yahagishouten:10000000,hakumai,4180,10.0,False,1,2785,4.62,True,山形のお米とさくらんぼの矢萩商店
2026-10-10,rice-smile:10000005,hakumai,4180,10.0,True,1,1360,4.43,True,ライスマイルねっとショップ
2026-10-10,maruhi0924:10000011,hakumai,8400,20.0,False,1,3887,4.84,True,お米のまるひ 楽天市場店
2026-10-10,bando-farm:10000018,hakumai,4200,10.0,True,1,4,4.5,True,ばんどう農園 楽天市場店
2026-10-10,komean-sugasawa:10000013,genmai,8399,20.0,True,1,201,4.75,True,こめ庵
2026-10-10,okomeabe:10000023,hakumai,8480,20.0,True,1,2566,4.68,True,阿部ベイコク
2026-10-10,anzai-rice:10000527,genmai,4280,10.0,True,1,433,4.68,True,まんま屋
2026-10-10,komean-sugasawa:10000004,genmai,8590,20.0,True,1,424,4.63,True,こめ庵
2026-10-10,fuchigami:10000519,hakumai,4380,10.0,True,1,870,4.66,True,こめたつ
2026-10-10,fuchigami:10000276,hakumai,4380,10.0,True,1,1511,4.65,True,こめたつ
2026-10-10,auc-tokuichi:10000351,genmai,13180,30.0,True,1,7,4.0,True,会津の米蔵とくいち
2026-10-10,okomeabe:10000022,hakumai,4480,10.0,True,1,7486,4.56,True,阿部ベイコク
2026-10-10,kougobeikoku:10000358,hakumai,8970,20.0,True,1,5,5.0,True,お米の向後米穀楽天市場店
2026-10-10,komean-sugasawa:10000076,genmai,4499,10.0,True,1,271,4.6,True,こめ庵
2026-10-10,minoriya-come:10000048,genmai,13500,30.0,True,1,356,4.57,True,米の専門店みのりや
2026-10-10,komean-sugasawa:10000168,genmai,4499,10.0,True,1,24,4.42,True,こめ庵
2026-10-10,komean-sugasawa:10000106,genmai,4499,10.0,True,1,127,4.49,True,こめ庵
2026-10-10,rc-kaneko:10000004,hakumai,11333,25.0,False,1,6472,4.61,True,小江戸市場カネヒロ
2026-10-10,fuchigami:10000104,hakumai,2280,5.0,True,1,330,4.31,True,こめたつ
2026-10-10,rice-smile:10000004,hakumai,2280,5.0,True,1,1734,4.46,True,ライスマイルねっとショップ
2026-10-10,yahagishouten:10000202,hakumai,4580,10.0,True,1,4030,4.58,True,山形のお米とさくらんぼの矢萩商店
2026-10-10,yahagishouten:10000203,hakumai,4580,10.0,False,1,195,4.58,True,山形のお米とさくらんぼの矢萩商店
2026-10-10,fuchigami:10000513,hakumai,4580,10.0,True,1,1373,4.75,True,こめたつ
2026-10-10,auc-oyamadashouten:10000815,genmai,4580,10.0,False,1,131,4.43,True,お米と落花生の小山田商店
2026-10-10,maruhi0924:10000001,hakumai,4600,10.0,False,1,2843,4.82,True,お米のまるひ 楽天市場店
2026-10-10,komean-sugasawa:10000159,musen,11499,25.0,True,1,3,3.0,True,こめ庵
2026-10-10,auc-nihei-aizu:10000012,genmai,11500,25.0,False,1,969,4.8,True,会津の米蔵 二瓶商店
2026-10-10,komean-sugasawa:10000149,hakumai,11499,25.0,True,1,8,4.5,True,こめ庵
2026-10-10,ebisu-murayama:10000317,hakumai,13980,30.0,True,1,70,4.67,True,丸公楽天市場店
2026-10-10,rs-takeo:10000165,hakumai,4680,10.0,True,1,220,4.59,True,有限会社 佐藤米穀商店楽天市場店
2026-10-10,auc-inouebeikoku:10000017,genmai,4680,10.0,True,1,51,3.75,True,井上米穀
2026-10-10,rs-takeo:10000120,hakumai,4800,10.0,True,1,179,4.49,True,有限会社 佐藤米穀商店楽天市場店
2026-10-10,komean-sugasawa:10000125,musen,4799,10.0,True,1,950,4.21,True,こめ庵
2026-10-10,komean-sugasawa:10000128,musen,4799,10.0,True,1,294,4.45,True,こめ庵
2026-10-10,komean-sugasawa:10000139,genmai,4799,10.0,True,1,231,4.55,True,こめ庵
2026-10-10,sunfarm:10000007,genmai,4800,10.0,True,1,79,4.72,True,サンファームしらたか
2026-10-10,sunfarm:10000091,genmai,4850,10.0,True,1,7,4.57,True,サンファームしらたか
2026-10-10,yutakarice-miyagi:10000038,mochi,14650,30.0,False,1,21,3.9,True,豊ライスみやぎ
2026-10-10,ebisu-murayama:10000358,mochi,14700,30.0,True,1,5,4.8,True,丸公楽天市場店
2026-10-10,komean-sugasawa:10000158,musen,12299,25.0,True,1,51,4.76,True,こめ庵
2026-10-10,rice-smile:10000076,hakumai,2480,5.0,True,1,690,4.62,True,ライスマイルねっとショップ
2026-10-10,tendofoods:10000086,hakumai,4980,10.0,False,1,4720,4.66,True,てんどうフーズうまいもの通販
2026-10-10,ebisu-murayama:10000003,hakumai,4980,10.0,True,1,3309,4.82,True,丸公楽天市場店
2026-10-10,kyusyukome:10000128,hakumai,4980,10.0,True,1,2690,4.45,True,九州米大将
2026-10-10,fuchigami:10000069,hakumai,4980,10.0,True,1,974,4.57,True,こめたつ
2026-10-10,fuchigami:10000359,hakumai,4980,10.0,True,1,1727,4.61,True,こめたつ
2026-10-10,komeminori:10000004,hakumai,4980,10.0,False,1,299,4.74,True,米のみのり屋
2026-10-10,rice-smile:10000163,hakumai,4980,10.0,True,1,94,4.59,True,ライスマイルねっとショップ
2026-10-10,mizuhonokuni:10001014,genmai,4980,10.0,False,1,763,4.55,True,純米処 瑞穂の国
2026-10-10,anzai-rice:10000522,genmai,4980,10.0,True,1,38,4.55,True,まんま屋
2026-10-10,marukichi-kayano:10000021,genmai,14980,30.0,True,1,2979,4.66,True,丸吉 茅野商店 北海道
2026-10-10,auc-inouebeikoku:10000013,hakumai,4990,10.0,False,1,93,4.61,True,井上米穀
2026-10-10,morikawakomeya:10000032,hakumai,4990,10.0,True,1,2410,4.84,True,お米のもりかわ楽天市場店
2026-10-10,okome-gensenmai:10000020,hakumai,4990,10.0,True,1,24,4.71,True,米 通販 厳選米本舗
2026-10-10,kururinokome:10000628,genmai,9998,20.0,True,1,25,4.52,True,くるりのお米屋
2026-10-10,kimsho:10000566,genmai,5080,10.0,True,1,2397,4.54,True,近江の国から木村商店
2026-10-10,fujisports-r:10048720,musen,5080,10.0,True,1,1748,4.75,True,富士スポーツ楽天市場店
2026-10-10,komedonya-kaneko:10000058,genmai,5080,10.0,True,1,61,4.49,True,米問屋 金子商店 楽天市場店
2026-10-10,komean-sugasawa:10000188,musen,5099,10.0,True,1,230,4.37,True,こめ庵
2026-10-10,komean-sugasawa:10000115,hakumai,5099,10.0,True,1,613,4.45,True,こめ庵
2026-10-10,komean-sugasawa:10000190,musen,5099,10.0,True,1,3,2.67,True,こめ庵
2026-10-10,jayamagata:10000043,genmai,5100,10.0,True,1,8,3.88,True,JAやまがた楽天市場店
2026-10-10,kimsho:10001179,genmai,10240,20.0,True,1,513,4.48,True,近江の国から木村商店
2026-10-10,kimsho:10001283,hakumai,10320,20.0,True,1,45,4.18,True,近江の国から木村商店
2026-10-10,tendofoods:10000265,hakumai,5180,10.0,False,1,1028,4.57,True,てんどうフーズうまいもの通販
2026-10-10,agripartner:10001230,genmai,5180,10.0,False,1,131,4.69,True,東北の農産特産品アグリパートナー
2026-10-10,agripartner:10001236,genmai,5180,10.0,False,1,125,4.7,True,東北の農産特産品アグリパートナー
2026-10-10,agripartner:10001231,genmai,5180,10.0,False,1,183,4.67,True,東北の農産特産品アグリパートナー
2026-10-10,ricey-miyagi:10000046,hakumai,5200,10.0,True,1,44,4.45,True,株式会社ライシー宮城
2026-10-10,akutagawa-foods:10000043,musen,15768,30.0,True,1,1,4.0,True,里山農家のおいしいお米
2026-10-10,kyusyukome:10000047,musen,5280,10.0,True,1,7670,4.65,True,九州米大将
2026-10-10,okomeabe:10000034,genmai,5280,10.0,True,1,5888,4.7,True,阿部ベイコク
2026-10-10,tendofoods:10001056,hakumai,5280,10.0,False,1,396,4.66,True,てんどうフーズうまいもの通販
2026-10-10,kyusyukome:10000002,hakumai,5280,10.0,True,1,1749,4.57,True,九州米大将
2026-10-10,fujisports-r:10054218,musen,5280,10.0,True,1,2168,4.77,True,富士スポーツ楽天市場店
2026-10-10,tendofoods:10000046,musen,5280,10.0,False,1,797,4.54,True,てんどうフーズうまいもの通販
2026-10-10,ricetanaka:10000025,hakumai,5280,10.0,True,1,307,4.85,True,こめた 楽天市場店
2026-10-10,ricetanaka:10000029,musen,5280,10.0,True,1,241,4.9,True,こめた 楽天市場店
2026-10-10,fuchigami:10000472,genmai,5280,10.0,True,1,137,4.49,True,こめたつ
2026-10-10,agripartner:10001834,genmai,5280,10.0,False,1,150,4.82,True,東北の農産特産品アグリパートナー
2026-10-10,agripartner:10000035,genmai,5280,10.0,False,1,168,4.68,True,東北の農産特産品アグリパートナー
2026-10-10,kimsho:10000000,genmai,10600,20.0,True,1,794,4.49,True,近江の国から木村商店
2026-10-10,marukichi-kayano:10000051,genmai,15980,30.0,False,1,3061,4.72,True,丸吉 茅野商店 北海道
2026-10-10,ajitukami:10000079,genmai,16000,30.0,True,1,141,4.86,True,お米専門店あじつかみ
2026-10-10,ebisu-murayama:10000357,mochi,10700,20.0,True,1,24,4.17,True,丸公楽天市場店
2026-10-10,rice-smile:10000072,hakumai,2680,5.0,True,1,63,4.51,True,ライスマイルねっとショップ
2026-10-10,okadabeikoku:10000005,hakumai,2680,5.0,True,1,17,4.71,True,岡田米穀店 楽天市場店
2026-10-10,rice-smile:10000137,hakumai,2680,5.0,True,1,130,4.62,True,ライスマイルねっとショップ
2026-10-10,kyusyukome:10000034,musen,5380,10.0,True,1,3187,4.68,True,九州米大将
2026-10-10,rs-takeo:10000142,hakumai,5380,10.0,True,1,243,4.73,True,有限会社 佐藤米穀商店楽天市場店
2026-10-10,noukamai:10000022,genmai,5380,10.0,False,1,69,4.81,True,食卓に笑顔をお届け【農家の米】
2026-10-10,mizuhonokuni:10002048,genmai,5380,10.0,False,1,301,4.53,True,純米処 瑞穂の国
2026-10-10,okomeyuki:10000069,genmai,5380,10.0,True,1,89,4.82,True,雪の中のお米屋
2026-10-10,agripartner:10001728,genmai,5380,10.0,False,1,293,4.76,True,東北の農産特産品アグリパートナー
2026-10-10,myoko-koide:10000180,hakumai,5400,10.0,False,1,34,4.85,True,こしひかりの郷 小出農場
2026-10-10,akutagawa-foods:10000034,musen,10800,20.0,True,1,6,5.0,True,里山農家のおいしいお米
2026-10-10,kome88:10000013,genmai,5398,10.0,True,1,845,4.52,True,米甚 楽天市場店
2026-10-10,minatofarm:10000005,hakumai,5427,10.0,True,1,883,4.77,True,水菜土農園
2026-10-10,ocomeya3:10000535,genmai,13600,25.0,True,1,1274,4.62,True,越後の米穀商高田屋
2026-10-10,auc-inouebeikoku:10000033,hakumai,5480,10.0,False,1,72,4.53,True,井上米穀
2026-10-10,monmiya:10007469,hakumai,5480,10.0,False,1,1,5.0,True,栃木のタウン誌厳選 もんみや通販
2026-10-10,okomeabe:10000277,genmai,5480,10.0,True,1,723,4.71,True,阿部ベイコク
2026-10-10,yamamotoyasuo-saketen:10000000,hakumai,2750,5.0,False,1,29,4.52,True,山本靖雄酒店 楽天市場店
2026-10-10,rice-miyagi:10005708,musen,10990,20.0,False,1,70,4.6,True,ライス宮城
2026-10-10,kururinokome:10000543,genmai,5498,10.0,True,1,1204,4.5,True,くるりのお米屋
2026-10-10,kururinokome:10000507,genmai,5499,10.0,True,1,645,4.45,True,くるりのお米屋
2026-10-10,fuchigami:10000360,hakumai,2780,5.0,True,1,604,4.65,True,こめたつ
2026-10-10,fuchigami:10000202,hakumai,2780,5.0,True,1,97,4.56,True,こめたつ
2026-10-10,yokogoshi:10001036,hakumai,5580,10.0,False,1,50,4.56,True,越後雪国地酒連峰(新潟店)
2026-10-10,rice-miyagi:10005758,musen,5590,10.0,False,1,20,4.6,True,ライス宮城
2026-10-10,adachi-umai:10000130,hakumai,5599,10.0,True,1,20738,4.57,True,あだちねっと 美米屋
2026-10-10,imagi:10000084,hakumai,5650,10.0,False,1,1233,4.64,True,お米プラザ新潟[楽天市場店]
2026-10-10,haratafarm:10000025,hakumai,14178,25.0,True,1,120,4.81,True,原田佐渡島ファーム 楽天市場店
2026-10-10,hseason:10000338,musen,5680,10.0,False,1,1516,4.53,True,ハーベストシーズン
2026-10-10,kimsho:10000695,hakumai,5690,10.0,True,1,12554,4.47,True,近江の国から木村商店
2026-10-10,sakekasu:10000385,hakumai,2870,5.0,True,1,68,4.44,True,米と酒粕、うまいもの本舗「竹屋」
2026-10-10,hseason:10000260,musen,5749,10.0,True,1,65276,4.68,True,ハーベストシーズン
2026-10-10,agripartner:10000026,genmai,5780,10.0,False,1,168,4.7,True,東北の農産特産品アグリパートナー
2026-10-10,dakko:10000283,genmai,5780,10.0,True,1,586,4.64,True,創業90年の米屋ますや
2026-10-10,rice-life-eto:10000004,genmai,5780,10.0,False,1,54,4.61,True,お米の専門店 【rice-lifeえとう】
2026-10-10,rice-life-eto:10000025,genmai,5780,10.0,False,1,23,4.57,True,お米の専門店 【rice-lifeえとう】
2026-10-10,adachi-umai:10000188,hakumai,5799,10.0,True,1,20774,4.66,True,あだちねっと 美米屋
2026-10-10,hseason:10000190,musen,5799,10.0,False,1,4694,4.6,True,ハーベストシーズン
2026-10-10,hseason:10000078,musen,5799,10.0,False,1,4527,4.61,True,ハーベストシーズン
2026-10-10,okomenokakizaki:10000010,genmai,17500,30.0,True,1,930,4.72,True,秋田のお米農家 柿崎屋
2026-10-10,ajitukami:10000013,genmai,5830,10.0,True,1,437,4.77,True,お米専門店あじつかみ
2026-10-10,yokogoshi:10001024,hakumai,5850,10.0,False,1,1545,4.6,True,越後雪国地酒連峰(新潟店)
2026-10-10,marukichi-kayano:10000024,genmai,5880,10.0,True,1,3769,4.71,True,丸吉 茅野商店 北海道
2026-10-10,rice-akita:10000018,genmai,5880,10.0,False,1,518,4.68,True,ライス秋田
2026-10-10,rakuten24:10419963,hakumai,5891,10.0,True,1,51,4.1,True,楽天24
2026-10-10,migakibeikoku:10000003,hakumai,2980,5.0,True,1,15,4.93,True,ミガキ米穀 楽天市場店
2026-10-10,yahagishouten:10001278,hakumai,2980,5.0,True,1,18,4.67,True,山形のお米とさくらんぼの矢萩商店
2026-10-10,kimsho:10001234,hakumai,2980,5.0,True,1,418,4.38,True,近江の国から木村商店
2026-10-10,hseason:10000377,musen,5970,10.0,False,1,5014,4.58,True,ハーベストシーズン
2026-10-10,kimsho:10001074,hakumai,5970,10.0,True,1,123,4.45,True,近江の国から木村商店
2026-10-10,morikawakomeya:10000105,hakumai,2990,5.0,True,1,456,4.83,True,お米のもりかわ楽天市場店
2026-10-10,eekome:10000069,genmai,5979,10.0,True,1,1186,4.75,True,京の米職人
2026-10-10,kimsho:10000920,genmai,5980,10.0,True,1,890,4.5,True,近江の国から木村商店
2026-10-10,kimsho:10000144,genmai,5980,10.0,True,1,858,4.55,True,近江の国から木村商店
2026-10-10,komenouka:10000009,genmai,5980,10.0,True,1,133,4.72,True,農家からの贈り物 楽天市場店
2026-10-10,nogyoya:10150759,genmai,5980,10.0,True,1,14,3.14,True,【菜園くらぶ】家庭菜園の専門店
2026-10-10,ebisu-murayama:10000355,mochi,5980,10.0,True,1,121,4.57,True,丸公楽天市場店
2026-10-10,ebisu-murayama:10000356,mochi,5980,10.0,True,1,13,4.77,True,丸公楽天市場店
2026-10-10,fuchigami:10000172,mochi,17980,30.0,True,1,157,4.61,True,こめたつ
2026-10-10,rice-miyagi:10005759,hakumai,3000,5.0,True,1,14,4.93,True,ライス宮城
2026-10-10,komean-sugasawa:10000011,genmai,2999,5.0,True,1,895,4.7,True,こめ庵
2026-10-10,yamagatanougei:10000115,genmai,5999,10.0,True,1,23,4.91,True,山形農芸 楽天市場店
2026-10-10,minoriya-come:10000024,genmai,6000,10.0,True,1,145,4.57,True,米の専門店みのりや
2026-10-10,akutagawa-foods:10000021,musen,6048,10.0,True,1,20,4.65,True,里山農家のおいしいお米
2026-10-10,okomeyuki:10000039,hakumai,6060,10.0,True,1,888,4.86,True,雪の中のお米屋
2026-10-10,hseason:10000349,musen,6080,10.0,False,1,6940,4.6,True,ハーベストシーズン
2026-10-10,banshu:10000015,hakumai,6080,10.0,False,1,83,4.63,True,おいしいお米「米蔵」(こめくら)
2026-10-10,tawaraya-kome:10000011,genmai,6080,10.0,False,1,17,4.88,True,お米のたわら屋
2026-10-10,fuchigami:10000473,mochi,18280,30.0,True,1,4,3.75,True,こめたつ
2026-10-10,hseason:10000180,musen,6180,10.0,False,1,3558,4.64,True,ハーベストシーズン
2026-10-10,mizuhonokuni:10002184,genmai,6180,10.0,False,1,480,4.63,True,純米処 瑞穂の国
2026-10-10,fuchigami:10000108,mochi,12480,20.0,True,1,169,4.8,True,こめたつ
2026-10-10,hseason:10001188,musen,6280,10.0,True,1,4,4.75,True,ハーベストシーズン
2026-10-10,fuchigami:10000109,mochi,6280,10.0,True,1,134,4.73,True,こめたつ
2026-10-10,okomeabe:10000348,mochi,12580,20.0,True,1,10,4.7,True,阿部ベイコク
2026-10-10,kodawari-komachi:10000035,genmai,6300,10.0,True,1,65,4.88,True,秋田県こだわり農場 楽天市場店
2026-10-10,kaisenshop:10007864,musen,18990,30.0,True,1,41,4.29,True,旨い食材お取り寄せ めしや
2026-10-10,okomeyuki:10000057,hakumai,6330,10.0,True,1,1427,4.87,True,雪の中のお米屋
2026-10-10,komedokoro:10000039,mochi,19000,30.0,True,1,42,4.83,True,米処 稲穂屋
2026-10-10,rice-smile:10000049,hakumai,3180,5.0,True,1,71,4.42,True,ライスマイルねっとショップ
2026-10-10,agripartner:10000033,genmai,3180,5.0,False,1,92,4.77,True,東北の農産特産品アグリパートナー
2026-10-10,auc-yamanoraisu:10000436,hakumai,3180,5.0,True,1,54,4.43,True,ヤマノライス 楽天市場店
2026-10-10,marukichi-kayano:10000017,hakumai,6380,10.0,True,1,12565,4.72,True,丸吉 茅野商店 北海道
2026-10-10,rakuten24:10387813,hakumai,6381,10.0,True,1,18,4.0,True,楽天24
2026-10-10,okomeyuki:10000042,hakumai,6380,10.0,True,1,721,4.79,True,雪の中のお米屋
2026-10-10,rice-akita:10000037,mochi,9580,15.0,False,1,181,4.81,True,ライス秋田
2026-10-10,ajitukami:10000022,genmai,6400,10.0,True,1,146,4.68,True,お米専門店あじつかみ
2026-10-10,kodawari-komachi:10000009,genmai,6400,10.0,True,1,29,4.79,True,秋田県こだわり農場 楽天市場店
2026-10-10,halloday:10001855,musen,12900,20.0,False,1,9,4.44,True,ハローデイ楽天市場店
2026-10-10,hseason:10000255,musen,3230,5.0,True,1,2022,4.58,True,ハーベストシーズン
2026-10-10,miyagiokomeshop:10000007,hakumai,17480,27.0,True,1,1,5.0,True,宮城商事
2026-10-10,mizuhonokuni:10002441,hakumai,6480,10.0,False,1,1651,4.66,True,純米処 瑞穂の国
2026-10-10,marukichi-kayano:10000140,genmai,6480,10.0,True,1,927,4.77,True,丸吉 茅野商店 北海道
2026-10-10,rice-akita:10000038,mochi,12970,20.0,False,1,108,4.73,True,ライス秋田
2026-10-10,okome-gensenmai:10000105,mochi,19480,30.0,True,1,9,4.78,True,米 通販 厳選米本舗
2026-10-10,isobekomeya:10000083,mochi,15600,24.0,False,1,98,4.64,True,いそべ米屋 楽天市場店
2026-10-10,yokogoshi:10001025,hakumai,3270,5.0,False,1,1143,4.57,True,越後雪国地酒連峰(新潟店)
2026-10-10,rs-takeo:10000149,mochi,3280,5.0,True,1,123,4.67,True,有限会社 佐藤米穀商店楽天市場店
2026-10-10,eekome:10000072,genmai,6580,10.0,True,1,5239,4.8,True,京の米職人
2026-10-10,marukichi-kayano:10000131,genmai,6580,10.0,True,1,1094,4.71,True,丸吉 茅野商店 北海道
2026-10-10,okomeabe:10000345,mochi,6580,10.0,True,1,44,4.61,True,阿部ベイコク
2026-10-10,ricey-miyagi:10000045,hakumai,3300,5.0,True,1,66,4.86,True,株式会社ライシー宮城
2026-10-10,myoko-koide:10000060,genmai,6600,10.0,True,1,836,4.71,True,こしひかりの郷 小出農場
2026-10-10,komeminori:10000007,mochi,19800,30.0,False,1,3,4.33,True,米のみのり屋
2026-10-10,yamatorice:10000184,hakumai,6680,10.0,False,1,4288,4.51,True,ヤマトライス
2026-10-10,rakuten24:10341164,hakumai,3365,5.0,False,1,43,4.07,True,楽天24
2026-10-10,okomeyuki:10000031,genmai,6770,10.0,True,1,28,4.82,True,雪の中のお米屋
2026-10-10,ricey-miyagi:10000404,hakumai,3400,5.0,True,1,15,4.73,True,株式会社ライシー宮城
2026-10-10,hseason:10000780,musen,13660,20.0,False,1,19,4.95,True,ハーベストシーズン
2026-10-10,yokogoshi:10000946,hakumai,6880,10.0,False,1,1980,4.69,True,越後雪国地酒連峰(新潟店)
2026-10-10,marukichi-kayano:10000240,musen,6880,10.0,True,1,494,4.82,True,丸吉 茅野商店 北海道
2026-10-10,okomenohizenya:10000109,hakumai,6880,10.0,True,1,33,4.85,True,お米のひぜん屋
2026-10-10,rice-akita:10000377,mochi,6880,10.0,True,1,203,4.73,True,ライス秋田
2026-10-10,kimsho:10000965,genmai,6890,10.0,True,1,504,4.59,True,近江の国から木村商店
2026-10-10,okome-no-takasaka:10000016,hakumai,6900,10.0,False,1,761,4.72,True,お米のたかさか
2026-10-10,okomekometouji:10000049,genmai,6910,10.0,True,1,252,4.73,True,お米屋 米杜氏 楽天市場店
2026-10-10,fuchigami:10000286,mochi,3480,5.0,True,1,95,4.81,True,こめたつ
2026-10-10,yamatorice:10000094,musen,6980,10.0,False,1,3822,4.61,True,ヤマトライス
2026-10-10,hseason:10000325,musen,6980,10.0,False,1,2798,4.59,True,ハーベストシーズン
2026-10-10,yamatorice:10000005,hakumai,6980,10.0,False,1,143,4.56,True,ヤマトライス
2026-10-10,yukihikari:10000073,hakumai,6980,10.0,True,1,1920,4.84,True,市川農場 楽天市場店
2026-10-10,yokogoshi:10001026,hakumai,6980,10.0,False,1,613,4.46,True,越後雪国地酒連峰(新潟店)
2026-10-10,oga-tama:10000067,genmai,7000,10.0,True,1,6,4.33,True,小川の玉手箱「おがたま」
2026-10-10,komean-sugasawa:10000092,mochi,6999,10.0,True,1,3,5.0,True,こめ庵
2026-10-10,komedokoro:10000043,mochi,19000,27.0,True,1,26,4.62,True,米処 稲穂屋
2026-10-10,okome-nakano:10000065,mochi,7150,10.0,True,1,6,5.0,True,お米の専門店中野商店
2026-10-10,rice-akita:10000024,mochi,3580,5.0,True,1,468,4.79,True,ライス秋田
2026-10-10,marukichi-kayano:10000022,genmai,7180,10.0,True,1,1502,4.79,True,丸吉 茅野商店 北海道
2026-10-10,myoko-koide:10000008,mochi,3600,5.0,False,1,117,4.75,True,こしひかりの郷 小出農場
2026-10-10,rakuten24:10979010,musen,7248,10.0,True,1,28,4.36,True,楽天24
2026-10-10,tendofoods:10000186,hakumai,7280,10.0,False,1,930,4.72,True,てんどうフーズうまいもの通販
2026-10-10,ebisu-murayama:10000336,hakumai,3680,5.0,True,1,18,4.78,True,丸公楽天市場店
2026-10-10,yamagatanougei:10000005,mochi,18500,25.0,True,1,2,5.0,True,山形農芸 楽天市場店
2026-10-10,toyorice:10000262,genmai,6800,9.0,True,1,13669,4.78,True,金芽米・オンラインショップ
2026-10-10,okadabeikoku:10000001,hakumai,3780,5.0,True,1,8,4.38,True,岡田米穀店 楽天市場店
2026-10-10,ebisu-murayama:10000354,mochi,3780,5.0,True,1,74,4.88,True,丸公楽天市場店
2026-10-10,yokogoshi:10000947,hakumai,3800,5.0,False,1,784,4.67,True,越後雪国地酒連峰(新潟店)
2026-10-10,rakuten24:10628129,hakumai,3809,5.0,True,1,39,4.36,True,楽天24
2026-10-10,toyorice:10000012,genmai,7800,10.0,True,1,12562,4.7,True,金芽米・オンラインショップ
2026-10-10,toyorice:10000388,musen,7800,10.0,True,1,1445,4.79,True,金芽米・オンラインショップ
2026-10-10,komedokoro:10000014,mochi,7800,10.0,True,1,140,4.81,True,米処 稲穂屋
2026-10-10,okomeabe:10000351,mochi,7880,10.0,True,1,4,5.0,True,阿部ベイコク
2026-10-10,hseason:10000771,musen,3980,5.0,True,1,66,4.67,True,ハーベストシーズン
2026-10-10,tendofoods:10000012,hakumai,3980,5.0,False,1,211,4.61,True,てんどうフーズうまいもの通販
2026-10-10,toyorice:10000206,musen,7200,9.0,True,1,4564,4.8,True,金芽米・オンラインショップ
2026-10-10,komenouka:10000014,hakumai,7998,10.0,True,1,1227,4.69,True,農家からの贈り物 楽天市場店
2026-10-10,sinnjyouokome:10000012,genmai,8000,10.0,True,3,46,4.87,True,新庄のお米佐藤農園楽天市場店
2026-10-10,kururinokome:10000432,genmai,7996,10.0,True,1,526,4.52,True,くるりのお米屋
2026-10-10,marukichi-kayano:10000110,genmai,8280,10.0,False,1,968,4.72,True,丸吉 茅野商店 北海道
2026-10-10,rakuten24:10387812,hakumai,8345,10.0,True,1,19,4.0,True,楽天24
2026-10-10,serebunakomeya:10000123,hakumai,8350,10.0,False,1,4248,4.47,True,吟米本舗
2026-10-10,imagi:10000134,hakumai,4200,5.0,False,1,104,4.7,True,お米プラザ新潟[楽天市場店]
2026-10-10,toyorice:10000263,genmai,3800,4.5,True,1,1892,4.76,True,金芽米・オンラインショップ
2026-10-10,toyorice:10000110,musen,8500,10.0,True,1,1106,4.66,True,金芽米・オンラインショップ
2026-10-10,kaitakunojo:10000028,genmai,20500,24.0,True,1,1350,4.88,True,山本開拓農場
2026-10-10,serebunakomeya:10000095,musen,8550,10.0,False,1,1418,4.5,True,吟米本舗
2026-10-10,yamamotoyasuo-saketen:10000042,mochi,4280,5.0,False,5,486,4.58,True,山本靖雄酒店 楽天市場店
2026-10-10,echigo-komesho:10000524,mochi,8580,10.0,False,1,6,4.5,True,新潟米ご挨拶ギフト 越後のこめ匠
2026-10-10,ocomeya3:10000123,mochi,8600,10.0,True,1,22,4.59,True,越後の米穀商高田屋
2026-10-10,toyorice:10000001,genmai,4350,5.0,True,1,2425,4.6,True,金芽米・オンラインショップ
2026-10-10,irankarapte:10000600,genmai,8780,10.0,False,1,4,4.5,True,北海道の美食逸品 イランカラプテ
2026-10-10,rakuten24:10338519,hakumai,4401,5.0,True,1,43,4.33,True,楽天24
2026-10-10,eekome:10000359,genmai,8879,10.0,True,1,925,4.8,True,京の米職人
2026-10-10,eekome:10000634,genmai,8879,10.0,True,1,584,4.84,True,京の米職人
2026-10-10,yokogoshi:10001342,mochi,8940,10.0,False,1,1,5.0,True,越後雪国地酒連峰(新潟店)
2026-10-10,serebunakomeya:10002326,hakumai,4520,5.0,False,1,220,4.76,True,吟米本舗
2026-10-10,kaitakunojo:10000035,mochi,21900,24.0,True,1,40,4.83,True,山本開拓農場
2026-10-10,toyorice:10000018,genmai,9300,10.0,True,1,660,4.71,True,金芽米・オンラインショップ
2026-10-10,jigomeya:10000006,hakumai,4680,5.0,True,1,46,4.85,True,たじまんま 地米屋
2026-10-10,eekome:10000360,genmai,9580,10.0,True,1,2104,4.82,True,京の米職人
2026-10-10,greencenter:10000707,mochi,26530,27.0,True,1,5,4.6,True,北国産直shop
2026-10-10,hokubei-shop:10000722,mochi,4950,5.0,False,1,7,4.86,True,ほくべい
2026-10-10,toridorisan:10000001,hakumai,4980,5.0,True,1,5,5.0,True,山陰大山の里 TORIDORI
2026-10-10,eekome:10000558,genmai,9980,10.0,True,1,1109,4.82,True,京の米職人
2026-10-10,kyusyukome:10000073,mochi,9980,10.0,True,1,37,4.95,True,九州米大将
2026-10-10,beikokukan:10000674,mochi,9990,10.0,True,1,8,4.88,True,無洗米とお米の「米穀館」
2026-10-10,eekome:10000453,genmai,10580,10.0,True,1,610,4.79,True,京の米職人
2026-10-10,genki-genmai:10000071,genmai,4800,4.5,False,1,5579,4.76,True,玄米・雑穀米の通販 川島米穀店
2026-10-10,adachi-umai:10000166,mochi,1530,1.4,False,1,131,4.65,True,あだちねっと 美米屋
2026-10-10,kaitakunojo:10000016,mochi,5500,5.0,True,1,78,4.86,True,山本開拓農場
2026-10-10,genki-genmai:10000006,genmai,17800,15.0,False,1,1783,4.88,True,玄米・雑穀米の通販 川島米穀店
2026-10-10,hokkarimochi:10000158,mochi,5980,5.0,False,1,1,4.0,True,お米の専門店 穂っかりもち
2026-10-10,beikokukan:10000039,mochi,5990,5.0,True,1,138,4.75,True,無洗米とお米の「米穀館」
2026-10-10,genki-genmai:10000005,genmai,11200,9.0,False,1,1892,4.84,True,玄米・雑穀米の通販 川島米穀店
2026-10-10,genki-genmai:10000004,genmai,5800,4.5,False,1,11187,4.79,True,玄米・雑穀米の通販 川島米穀店
2026-10-10,uonumanoukousha:10000001,hakumai,13800,10.0,True,1,39,4.64,True,魚沼のこしひかり 魚沼農耕舎
2026-10-10,futon-anmin:10000948,hakumai,2800,2.0,True,1,0,0,True,快適生活百貨店
2026-10-10,koiserice:10000005,hakumai,7250,5.0,True,1,55,4.53,True,ポンせんとお米専門店こいせライス
2026-10-10,komedokoro:10000011,mochi,3480,2.0,False,1,0,0,True,米処 稲穂屋
2026-10-10,hseason:10000715,mochi,3799,2.0,True,10,107,4.36,True,ハーベストシーズン
2026-10-10,hondafarm:10000394,genmai,3880,2.0,True,1,83,4.81,True,ほんだ農場楽天市場店
2026-10-10,yuukiya0097:10001526,hakumai,2238,1.0,False,1,8,4.63,True,有機家
